Entity_ID,Entity_Type,Replicate,x_citronellal,x_citronellol,x_geraniol,Applied_Dose_mg,total_count,land_count,repel_count,repellency_prop,repellency_pct
Blend_1,blend,1,0.373579592,0.291271429,0.33514898,1.2,10,10,0,0,0
Blend_1,blend,1,0.373579592,0.291271429,0.33514898,1.83,10,9,1,0.1,10
Blend_1,blend,1,0.373579592,0.291271429,0.33514898,2.63,10,7,3,0.3,30
Blend_1,blend,1,0.373579592,0.291271429,0.33514898,3.88,10,6,4,0.4,40
Blend_1,blend,1,0.373579592,0.291271429,0.33514898,5.54,10,2,8,0.8,80
Blend_1,blend,1,0.373579592,0.291271429,0.33514898,7.82,10,1,9,0.9,90
Blend_1,blend,1,0.373579592,0.291271429,0.33514898,11.13,10,0,10,1,100
Blend_1,blend,2,0.373579592,0.291271429,0.33514898,1.2,10,10,0,0,0
Blend_1,blend,2,0.373579592,0.291271429,0.33514898,1.83,10,10,0,0,0
Blend_1,blend,2,0.373579592,0.291271429,0.33514898,2.63,10,7,3,0.3,30
Blend_1,blend,2,0.373579592,0.291271429,0.33514898,3.88,10,3,7,0.7,70
Blend_1,blend,2,0.373579592,0.291271429,0.33514898,5.54,10,2,8,0.8,80
Blend_1,blend,2,0.373579592,0.291271429,0.33514898,7.82,10,2,8,0.8,80
Blend_1,blend,2,0.373579592,0.291271429,0.33514898,11.13,10,1,9,0.9,90
Blend_1,blend,3,0.373579592,0.291271429,0.33514898,1.2,10,10,0,0,0
Blend_1,blend,3,0.373579592,0.291271429,0.33514898,1.83,10,9,1,0.1,10
Blend_1,blend,3,0.373579592,0.291271429,0.33514898,2.63,10,8,2,0.2,20
Blend_1,blend,3,0.373579592,0.291271429,0.33514898,3.88,10,5,5,0.5,50
Blend_1,blend,3,0.373579592,0.291271429,0.33514898,5.54,10,2,8,0.8,80
Blend_1,blend,3,0.373579592,0.291271429,0.33514898,7.82,10,1,9,0.9,90
Blend_1,blend,3,0.373579592,0.291271429,0.33514898,11.13,10,1,9,0.9,90
Blend_1,blend,4,0.373579592,0.291271429,0.33514898,1.2,10,10,0,0,0
Blend_1,blend,4,0.373579592,0.291271429,0.33514898,1.83,10,9,1,0.1,10
Blend_1,blend,4,0.373579592,0.291271429,0.33514898,2.63,10,7,3,0.3,30
Blend_1,blend,4,0.373579592,0.291271429,0.33514898,3.88,10,4,6,0.6,60
Blend_1,blend,4,0.373579592,0.291271429,0.33514898,5.54,10,3,7,0.7,70
Blend_1,blend,4,0.373579592,0.291271429,0.33514898,7.82,10,2,8,0.8,80
Blend_1,blend,4,0.373579592,0.291271429,0.33514898,11.13,10,0,10,1,100
Blend_1,blend,5,0.373579592,0.291271429,0.33514898,1.2,10,10,0,0,0
Blend_1,blend,5,0.373579592,0.291271429,0.33514898,1.83,10,10,0,0,0
Blend_1,blend,5,0.373579592,0.291271429,0.33514898,2.63,10,9,1,0.1,10
Blend_1,blend,5,0.373579592,0.291271429,0.33514898,3.88,10,6,4,0.4,40
Blend_1,blend,5,0.373579592,0.291271429,0.33514898,5.54,10,4,6,0.6,60
Blend_1,blend,5,0.373579592,0.291271429,0.33514898,7.82,10,3,7,0.7,70
Blend_1,blend,5,0.373579592,0.291271429,0.33514898,11.13,10,0,10,1,100
Blend_2,blend,1,0.627,0.0816,0.2914,0.49,10,10,0,0,0
Blend_2,blend,1,0.627,0.0816,0.2914,0.77,10,9,1,0.1,10
Blend_2,blend,1,0.627,0.0816,0.2914,1.06,10,8,0,0,0
Blend_2,blend,1,0.627,0.0816,0.2914,1.55,10,6,4,0.4,40
Blend_2,blend,1,0.627,0.0816,0.2914,2.25,10,1,9,0.9,90
Blend_2,blend,1,0.627,0.0816,0.2914,3.17,10,1,9,0.9,90
Blend_2,blend,1,0.627,0.0816,0.2914,4.5,10,0,10,1,100
Blend_2,blend,2,0.627,0.0816,0.2914,0.49,10,10,0,0,0
Blend_2,blend,2,0.627,0.0816,0.2914,0.77,10,7,0,0,0
Blend_2,blend,2,0.627,0.0816,0.2914,1.06,10,9,1,0.1,10
Blend_2,blend,2,0.627,0.0816,0.2914,1.55,10,6,0,0,0
Blend_2,blend,2,0.627,0.0816,0.2914,2.25,10,4,1,0.1,10
Blend_2,blend,2,0.627,0.0816,0.2914,3.17,10,1,9,0.9,90
Blend_2,blend,2,0.627,0.0816,0.2914,4.5,10,0,10,1,100
Blend_2,blend,3,0.627,0.0816,0.2914,0.49,10,10,0,0,0
Blend_2,blend,3,0.627,0.0816,0.2914,0.77,10,9,0,0,0
Blend_2,blend,3,0.627,0.0816,0.2914,1.06,10,8,0,0,0
Blend_2,blend,3,0.627,0.0816,0.2914,1.55,10,4,2,0.2,20
Blend_2,blend,3,0.627,0.0816,0.2914,2.25,10,2,6,0.6,60
Blend_2,blend,3,0.627,0.0816,0.2914,3.17,10,0,9,0.9,90
Blend_2,blend,3,0.627,0.0816,0.2914,4.5,10,0,10,1,100
Blend_2,blend,4,0.627,0.0816,0.2914,0.49,10,10,0,0,0
Blend_2,blend,4,0.627,0.0816,0.2914,0.77,10,9,1,0.1,10
Blend_2,blend,4,0.627,0.0816,0.2914,1.06,10,10,0,0,0
Blend_2,blend,4,0.627,0.0816,0.2914,1.55,10,8,2,0.2,20
Blend_2,blend,4,0.627,0.0816,0.2914,2.25,10,5,7,0.7,70
Blend_2,blend,4,0.627,0.0816,0.2914,3.17,10,3,9,0.9,90
Blend_2,blend,4,0.627,0.0816,0.2914,4.5,10,0,10,1,100
Blend_2,blend,5,0.627,0.0816,0.2914,0.49,10,10,0,0,0
Blend_2,blend,5,0.627,0.0816,0.2914,0.77,10,9,0,0,0
Blend_2,blend,5,0.627,0.0816,0.2914,1.06,10,8,1,0.1,10
Blend_2,blend,5,0.627,0.0816,0.2914,1.55,10,6,0,0,0
Blend_2,blend,5,0.627,0.0816,0.2914,2.25,10,4,8,0.8,80
Blend_2,blend,5,0.627,0.0816,0.2914,3.17,10,0,10,1,100
Blend_2,blend,5,0.627,0.0816,0.2914,4.5,10,0,10,1,100
Blend_3,blend,1,0.1494,0.5275,0.3231,1.81,10,10,0,0,0
Blend_3,blend,1,0.1494,0.5275,0.3231,2.7,10,10,0,0,0
Blend_3,blend,1,0.1494,0.5275,0.3231,3.85,10,10,0,0,0
Blend_3,blend,1,0.1494,0.5275,0.3231,5.74,10,8,2,0.2,20
Blend_3,blend,1,0.1494,0.5275,0.3231,8.13,10,2,8,0.8,80
Blend_3,blend,1,0.1494,0.5275,0.3231,11.56,10,0,10,1,100
Blend_3,blend,1,0.1494,0.5275,0.3231,16.38,10,0,10,1,100
Blend_3,blend,2,0.1494,0.5275,0.3231,1.81,10,10,0,0,0
Blend_3,blend,2,0.1494,0.5275,0.3231,2.7,10,10,0,0,0
Blend_3,blend,2,0.1494,0.5275,0.3231,3.85,10,8,2,0.2,20
Blend_3,blend,2,0.1494,0.5275,0.3231,5.74,10,7,3,0.3,30
Blend_3,blend,2,0.1494,0.5275,0.3231,8.13,10,3,7,0.7,70
Blend_3,blend,2,0.1494,0.5275,0.3231,11.56,10,1,9,0.9,90
Blend_3,blend,2,0.1494,0.5275,0.3231,16.38,10,0,10,1,100
Blend_3,blend,3,0.1494,0.5275,0.3231,1.81,10,10,0,0,0
Blend_3,blend,3,0.1494,0.5275,0.3231,2.7,10,10,0,0,0
Blend_3,blend,3,0.1494,0.5275,0.3231,3.85,10,8,2,0.2,20
Blend_3,blend,3,0.1494,0.5275,0.3231,5.74,10,2,8,0.8,80
Blend_3,blend,3,0.1494,0.5275,0.3231,8.13,10,0,10,1,100
Blend_3,blend,3,0.1494,0.5275,0.3231,11.56,10,0,10,1,100
Blend_3,blend,3,0.1494,0.5275,0.3231,16.38,10,0,10,1,100
Blend_3,blend,4,0.1494,0.5275,0.3231,1.81,10,10,0,0,0
Blend_3,blend,4,0.1494,0.5275,0.3231,2.7,10,10,0,0,0
Blend_3,blend,4,0.1494,0.5275,0.3231,3.85,10,9,1,0.1,10
Blend_3,blend,4,0.1494,0.5275,0.3231,5.74,10,7,3,0.3,30
Blend_3,blend,4,0.1494,0.5275,0.3231,8.13,10,0,10,1,100
Blend_3,blend,4,0.1494,0.5275,0.3231,11.56,10,0,10,1,100
Blend_3,blend,4,0.1494,0.5275,0.3231,16.38,10,0,10,1,100
Blend_3,blend,5,0.1494,0.5275,0.3231,1.81,10,10,0,0,0
Blend_3,blend,5,0.1494,0.5275,0.3231,2.7,10,10,0,0,0
Blend_3,blend,5,0.1494,0.5275,0.3231,3.85,10,9,1,0.1,10
Blend_3,blend,5,0.1494,0.5275,0.3231,5.74,10,9,1,0.1,10
Blend_3,blend,5,0.1494,0.5275,0.3231,8.13,10,4,6,0.6,60
Blend_3,blend,5,0.1494,0.5275,0.3231,11.56,10,1,9,0.9,90
Blend_3,blend,5,0.1494,0.5275,0.3231,16.38,10,0,10,1,100
Blend_4,blend,1,0.1494,0.3129,0.5377,3.37,10,10,0,0,0
Blend_4,blend,1,0.1494,0.3129,0.5377,5,10,10,0,0,0
Blend_4,blend,1,0.1494,0.3129,0.5377,7.12,10,10,0,0,0
Blend_4,blend,1,0.1494,0.3129,0.5377,10.62,10,7,3,0.3,30
Blend_4,blend,1,0.1494,0.3129,0.5377,15.07,10,5,5,0.5,50
Blend_4,blend,1,0.1494,0.3129,0.5377,21.38,10,1,9,0.9,90
Blend_4,blend,1,0.1494,0.3129,0.5377,30.35,10,0,10,1,100
Blend_4,blend,2,0.1494,0.3129,0.5377,3.36,10,10,0,0,0
Blend_4,blend,2,0.1494,0.3129,0.5377,5.02,10,9,1,0.1,10
Blend_4,blend,2,0.1494,0.3129,0.5377,7.12,10,9,1,0.1,10
Blend_4,blend,2,0.1494,0.3129,0.5377,10.62,10,6,4,0.4,40
Blend_4,blend,2,0.1494,0.3129,0.5377,15.07,10,1,9,0.9,90
Blend_4,blend,2,0.1494,0.3129,0.5377,21.38,10,1,9,0.9,90
Blend_4,blend,2,0.1494,0.3129,0.5377,30.35,10,0,10,1,100
Blend_4,blend,3,0.1494,0.3129,0.5377,3.36,10,10,0,0,0
Blend_4,blend,3,0.1494,0.3129,0.5377,5.02,10,9,1,0.1,10
Blend_4,blend,3,0.1494,0.3129,0.5377,7.12,10,8,2,0.2,20
Blend_4,blend,3,0.1494,0.3129,0.5377,10.62,10,6,4,0.4,40
Blend_4,blend,3,0.1494,0.3129,0.5377,15.07,10,0,10,1,100
Blend_4,blend,3,0.1494,0.3129,0.5377,21.38,10,0,10,1,100
Blend_4,blend,3,0.1494,0.3129,0.5377,30.35,10,0,10,1,100
Blend_4,blend,4,0.1494,0.3129,0.5377,3.36,10,9,1,0.1,10
Blend_4,blend,4,0.1494,0.3129,0.5377,5.02,10,10,0,0,0
Blend_4,blend,4,0.1494,0.3129,0.5377,7.12,10,7,3,0.3,30
Blend_4,blend,4,0.1494,0.3129,0.5377,10.62,10,5,5,0.5,50
Blend_4,blend,4,0.1494,0.3129,0.5377,15.07,10,6,4,0.4,40
Blend_4,blend,4,0.1494,0.3129,0.5377,21.38,10,4,6,0.6,60
Blend_4,blend,4,0.1494,0.3129,0.5377,30.35,10,0,10,1,100
Blend_4,blend,5,0.1494,0.3129,0.5377,3.36,10,8,2,0.2,20
Blend_4,blend,5,0.1494,0.3129,0.5377,5.02,10,8,2,0.2,20
Blend_4,blend,5,0.1494,0.3129,0.5377,7.12,10,5,5,0.5,50
Blend_4,blend,5,0.1494,0.3129,0.5377,10.62,10,1,9,0.9,90
Blend_4,blend,5,0.1494,0.3129,0.5377,15.07,10,1,9,0.9,90
Blend_4,blend,5,0.1494,0.3129,0.5377,21.38,10,0,10,1,100
Blend_4,blend,5,0.1494,0.3129,0.5377,30.35,10,1,9,0.9,90
Blend_5,blend,1,0.3807,0.0816,0.5377,0.89,10,10,0,0,0
Blend_5,blend,1,0.3807,0.0816,0.5377,1.32,10,10,0,0,0
Blend_5,blend,1,0.3807,0.0816,0.5377,1.87,10,10,0,0,0
Blend_5,blend,1,0.3807,0.0816,0.5377,2.79,10,6,4,0.4,40
Blend_5,blend,1,0.3807,0.0816,0.5377,3.97,10,1,9,0.9,90
Blend_5,blend,1,0.3807,0.0816,0.5377,5.63,10,0,10,1,100
Blend_5,blend,1,0.3807,0.0816,0.5377,7.99,10,0,10,1,100
Blend_5,blend,2,0.3807,0.0816,0.5377,0.89,10,10,0,0,0
Blend_5,blend,2,0.3807,0.0816,0.5377,1.32,10,10,0,0,0
Blend_5,blend,2,0.3807,0.0816,0.5377,1.87,10,10,0,0,0
Blend_5,blend,2,0.3807,0.0816,0.5377,2.79,10,9,1,0.1,10
Blend_5,blend,2,0.3807,0.0816,0.5377,3.97,10,0,10,1,100
Blend_5,blend,2,0.3807,0.0816,0.5377,5.63,10,0,10,1,100
Blend_5,blend,2,0.3807,0.0816,0.5377,7.99,10,0,10,1,100
Blend_5,blend,3,0.3807,0.0816,0.5377,0.89,10,10,0,0,0
Blend_5,blend,3,0.3807,0.0816,0.5377,1.32,10,10,0,0,0
Blend_5,blend,3,0.3807,0.0816,0.5377,1.87,10,4,6,0.6,60
Blend_5,blend,3,0.3807,0.0816,0.5377,2.79,10,1,9,0.9,90
Blend_5,blend,3,0.3807,0.0816,0.5377,3.97,10,0,10,1,100
Blend_5,blend,3,0.3807,0.0816,0.5377,5.63,10,1,9,0.9,90
Blend_5,blend,3,0.3807,0.0816,0.5377,7.99,10,0,10,1,100
Blend_5,blend,4,0.3807,0.0816,0.5377,0.89,10,9,1,0.1,10
Blend_5,blend,4,0.3807,0.0816,0.5377,1.32,10,9,1,0.1,10
Blend_5,blend,4,0.3807,0.0816,0.5377,1.87,10,8,2,0.2,20
Blend_5,blend,4,0.3807,0.0816,0.5377,2.79,10,1,9,0.9,90
Blend_5,blend,4,0.3807,0.0816,0.5377,3.97,10,0,10,1,100
Blend_5,blend,4,0.3807,0.0816,0.5377,5.63,10,0,10,1,100
Blend_5,blend,4,0.3807,0.0816,0.5377,7.99,10,0,10,1,100
Blend_5,blend,5,0.3807,0.0816,0.5377,0.89,10,10,0,0,0
Blend_5,blend,5,0.3807,0.0816,0.5377,1.32,10,10,0,0,0
Blend_5,blend,5,0.3807,0.0816,0.5377,1.87,10,8,2,0.2,20
Blend_5,blend,5,0.3807,0.0816,0.5377,2.79,10,4,6,0.6,60
Blend_5,blend,5,0.3807,0.0816,0.5377,3.97,10,3,7,0.7,70
Blend_5,blend,5,0.3807,0.0816,0.5377,5.63,10,0,10,1,100
Blend_5,blend,5,0.3807,0.0816,0.5377,7.99,10,0,10,1,100
Blend_6,blend,1,0.363832653,0.495467347,0.1407,3.04,10,10,0,0,0
Blend_6,blend,1,0.363832653,0.495467347,0.1407,4.54,10,8,2,0.2,20
Blend_6,blend,1,0.363832653,0.495467347,0.1407,6.43,10,8,2,0.2,20
Blend_6,blend,1,0.363832653,0.495467347,0.1407,9.6,10,7,3,0.3,30
Blend_6,blend,1,0.363832653,0.495467347,0.1407,13.62,10,4,6,0.6,60
Blend_6,blend,1,0.363832653,0.495467347,0.1407,19.34,10,2,8,0.8,80
Blend_6,blend,1,0.363832653,0.495467347,0.1407,27.44,10,1,9,0.9,90
Blend_6,blend,2,0.363832653,0.495467347,0.1407,3.04,10,10,0,0,0
Blend_6,blend,2,0.363832653,0.495467347,0.1407,4.54,10,8,2,0.2,20
Blend_6,blend,2,0.363832653,0.495467347,0.1407,6.43,10,8,2,0.2,20
Blend_6,blend,2,0.363832653,0.495467347,0.1407,9.6,10,6,4,0.4,40
Blend_6,blend,2,0.363832653,0.495467347,0.1407,13.62,10,5,5,0.5,50
Blend_6,blend,2,0.363832653,0.495467347,0.1407,19.34,10,3,7,0.7,70
Blend_6,blend,2,0.363832653,0.495467347,0.1407,27.44,10,2,8,0.8,80
Blend_6,blend,3,0.363832653,0.495467347,0.1407,3.04,10,10,0,0,0
Blend_6,blend,3,0.363832653,0.495467347,0.1407,4.54,10,10,0,0,0
Blend_6,blend,3,0.363832653,0.495467347,0.1407,6.43,10,7,3,0.3,30
Blend_6,blend,3,0.363832653,0.495467347,0.1407,9.6,10,6,4,0.4,40
Blend_6,blend,3,0.363832653,0.495467347,0.1407,13.62,10,2,8,0.8,80
Blend_6,blend,3,0.363832653,0.495467347,0.1407,19.34,10,3,7,0.7,70
Blend_6,blend,3,0.363832653,0.495467347,0.1407,27.44,10,0,10,1,100
Blend_6,blend,4,0.363832653,0.495467347,0.1407,3.04,10,10,0,0,0
Blend_6,blend,4,0.363832653,0.495467347,0.1407,4.54,10,9,1,0.1,10
Blend_6,blend,4,0.363832653,0.495467347,0.1407,6.43,10,5,5,0.5,50
Blend_6,blend,4,0.363832653,0.495467347,0.1407,9.6,10,8,2,0.2,20
Blend_6,blend,4,0.363832653,0.495467347,0.1407,13.62,10,3,7,0.7,70
Blend_6,blend,4,0.363832653,0.495467347,0.1407,19.34,10,1,9,0.9,90
Blend_6,blend,4,0.363832653,0.495467347,0.1407,27.44,10,0,10,1,100
Blend_6,blend,5,0.363832653,0.495467347,0.1407,3.04,10,10,0,0,0
Blend_6,blend,5,0.363832653,0.495467347,0.1407,4.54,10,8,2,0.2,20
Blend_6,blend,5,0.363832653,0.495467347,0.1407,6.43,10,7,3,0.3,30
Blend_6,blend,5,0.363832653,0.495467347,0.1407,9.6,10,4,6,0.6,60
Blend_6,blend,5,0.363832653,0.495467347,0.1407,13.62,10,2,8,0.8,80
Blend_6,blend,5,0.363832653,0.495467347,0.1407,19.34,10,0,10,1,100
Blend_6,blend,5,0.363832653,0.495467347,0.1407,27.44,10,0,10,1,100
Blend_7,blend,1,0.5593,0.3,0.1407,4.31,10,10,0,0,0
Blend_7,blend,1,0.5593,0.3,0.1407,6.44,10,8,2,0.2,20
Blend_7,blend,1,0.5593,0.3,0.1407,9.13,10,6,4,0.4,40
Blend_7,blend,1,0.5593,0.3,0.1407,13.62,10,9,1,0.1,10
Blend_7,blend,1,0.5593,0.3,0.1407,19.33,10,3,7,0.7,70
Blend_7,blend,1,0.5593,0.3,0.1407,27.44,10,0,10,1,100
Blend_7,blend,1,0.5593,0.3,0.1407,38.93,10,0,10,1,100
Blend_7,blend,2,0.5593,0.3,0.1407,4.31,10,10,0,0,0
Blend_7,blend,2,0.5593,0.3,0.1407,6.44,10,10,0,0,0
Blend_7,blend,2,0.5593,0.3,0.1407,9.13,10,9,1,0.1,10
Blend_7,blend,2,0.5593,0.3,0.1407,13.62,10,4,6,0.6,60
Blend_7,blend,2,0.5593,0.3,0.1407,19.33,10,0,10,1,100
Blend_7,blend,2,0.5593,0.3,0.1407,27.44,10,1,9,0.9,90
Blend_7,blend,2,0.5593,0.3,0.1407,38.93,10,0,10,1,100
Blend_7,blend,3,0.5593,0.3,0.1407,4.31,10,10,0,0,0
Blend_7,blend,3,0.5593,0.3,0.1407,6.44,10,9,1,0.1,10
Blend_7,blend,3,0.5593,0.3,0.1407,9.13,10,4,6,0.6,60
Blend_7,blend,3,0.5593,0.3,0.1407,13.62,10,8,2,0.2,20
Blend_7,blend,3,0.5593,0.3,0.1407,19.33,10,3,7,0.7,70
Blend_7,blend,3,0.5593,0.3,0.1407,27.44,10,2,8,0.8,80
Blend_7,blend,3,0.5593,0.3,0.1407,38.93,10,1,9,0.9,90
Blend_7,blend,4,0.5593,0.3,0.1407,4.31,10,10,0,0,0
Blend_7,blend,4,0.5593,0.3,0.1407,6.44,10,9,1,0.1,10
Blend_7,blend,4,0.5593,0.3,0.1407,9.13,10,8,2,0.2,20
Blend_7,blend,4,0.5593,0.3,0.1407,13.62,10,3,7,0.7,70
Blend_7,blend,4,0.5593,0.3,0.1407,19.33,10,1,9,0.9,90
Blend_7,blend,4,0.5593,0.3,0.1407,27.44,10,0,10,1,100
Blend_7,blend,4,0.5593,0.3,0.1407,38.93,10,0,10,1,100
Blend_7,blend,5,0.5593,0.3,0.1407,4.31,10,8,2,0.2,20
Blend_7,blend,5,0.5593,0.3,0.1407,6.44,10,7,3,0.3,30
Blend_7,blend,5,0.5593,0.3,0.1407,9.13,10,2,8,0.8,80
Blend_7,blend,5,0.5593,0.3,0.1407,13.62,10,0,10,1,100
Blend_7,blend,5,0.5593,0.3,0.1407,19.33,10,2,8,0.8,80
Blend_7,blend,5,0.5593,0.3,0.1407,27.44,10,0,10,1,100
Blend_7,blend,5,0.5593,0.3,0.1407,38.93,10,0,10,1,100
Blend_8,blend,1,0.481036735,0.1271,0.391863265,0.54,10,10,0,0,0
Blend_8,blend,1,0.481036735,0.1271,0.391863265,0.81,10,10,0,0,0
Blend_8,blend,1,0.481036735,0.1271,0.391863265,1.15,10,8,2,0.2,20
Blend_8,blend,1,0.481036735,0.1271,0.391863265,1.72,10,4,6,0.6,60
Blend_8,blend,1,0.481036735,0.1271,0.391863265,2.44,10,1,9,0.9,90
Blend_8,blend,1,0.481036735,0.1271,0.391863265,3.46,10,0,10,1,100
Blend_8,blend,1,0.481036735,0.1271,0.391863265,4.91,10,0,10,1,100
Blend_8,blend,2,0.481036735,0.1271,0.391863265,0.54,10,10,0,0,0
Blend_8,blend,2,0.481036735,0.1271,0.391863265,0.81,10,10,0,0,0
Blend_8,blend,2,0.481036735,0.1271,0.391863265,1.15,10,10,0,0,0
Blend_8,blend,2,0.481036735,0.1271,0.391863265,1.72,10,6,4,0.4,40
Blend_8,blend,2,0.481036735,0.1271,0.391863265,2.44,10,5,5,0.5,50
Blend_8,blend,2,0.481036735,0.1271,0.391863265,3.46,10,2,8,0.8,80
Blend_8,blend,2,0.481036735,0.1271,0.391863265,4.91,10,0,10,1,100
Blend_8,blend,3,0.481036735,0.1271,0.391863265,0.54,10,10,0,0,0
Blend_8,blend,3,0.481036735,0.1271,0.391863265,0.81,10,10,0,0,0
Blend_8,blend,3,0.481036735,0.1271,0.391863265,1.15,10,10,0,0,0
Blend_8,blend,3,0.481036735,0.1271,0.391863265,1.72,10,6,4,0.4,40
Blend_8,blend,3,0.481036735,0.1271,0.391863265,2.44,10,0,10,1,100
Blend_8,blend,3,0.481036735,0.1271,0.391863265,3.46,10,0,10,1,100
Blend_8,blend,3,0.481036735,0.1271,0.391863265,4.91,10,0,10,1,100
Blend_8,blend,4,0.481036735,0.1271,0.391863265,0.54,10,10,0,0,0
Blend_8,blend,4,0.481036735,0.1271,0.391863265,0.81,10,10,0,0,0
Blend_8,blend,4,0.481036735,0.1271,0.391863265,1.15,10,7,3,0.3,30
Blend_8,blend,4,0.481036735,0.1271,0.391863265,1.72,10,3,7,0.7,70
Blend_8,blend,4,0.481036735,0.1271,0.391863265,2.44,10,0,10,1,100
Blend_8,blend,4,0.481036735,0.1271,0.391863265,3.46,10,0,10,1,100
Blend_8,blend,4,0.481036735,0.1271,0.391863265,4.91,10,0,10,1,100
Blend_8,blend,5,0.481036735,0.1271,0.391863265,0.54,10,10,0,0,0
Blend_8,blend,5,0.481036735,0.1271,0.391863265,0.81,10,10,0,0,0
Blend_8,blend,5,0.481036735,0.1271,0.391863265,1.15,10,10,0,0,0
Blend_8,blend,5,0.481036735,0.1271,0.391863265,1.72,10,7,3,0.3,30
Blend_8,blend,5,0.481036735,0.1271,0.391863265,2.44,10,4,6,0.6,60
Blend_8,blend,5,0.481036735,0.1271,0.391863265,3.46,10,0,10,1,100
Blend_8,blend,5,0.481036735,0.1271,0.391863265,4.91,10,0,10,1,100
Blend_9,blend,1,0.22737551,0.380761224,0.391863265,1.7,10,10,0,0,0
Blend_9,blend,1,0.22737551,0.380761224,0.391863265,2.53,10,10,0,0,0
Blend_9,blend,1,0.22737551,0.380761224,0.391863265,3.59,10,9,1,0.1,10
Blend_9,blend,1,0.22737551,0.380761224,0.391863265,5.36,10,7,3,0.3,30
Blend_9,blend,1,0.22737551,0.380761224,0.391863265,7.61,10,3,7,0.7,70
Blend_9,blend,1,0.22737551,0.380761224,0.391863265,10.8,10,1,9,0.9,90
Blend_9,blend,1,0.22737551,0.380761224,0.391863265,15.32,10,0,10,1,100
Blend_9,blend,2,0.22737551,0.380761224,0.391863265,1.7,10,10,0,0,0
Blend_9,blend,2,0.22737551,0.380761224,0.391863265,2.53,10,10,0,0,0
Blend_9,blend,2,0.22737551,0.380761224,0.391863265,3.59,10,8,2,0.2,20
Blend_9,blend,2,0.22737551,0.380761224,0.391863265,5.36,10,6,4,0.4,40
Blend_9,blend,2,0.22737551,0.380761224,0.391863265,7.61,10,1,9,0.9,90
Blend_9,blend,2,0.22737551,0.380761224,0.391863265,10.8,10,0,10,1,100
Blend_9,blend,2,0.22737551,0.380761224,0.391863265,15.32,10,0,10,1,100
Blend_9,blend,3,0.22737551,0.380761224,0.391863265,1.7,10,10,0,0,0
Blend_9,blend,3,0.22737551,0.380761224,0.391863265,2.53,10,10,0,0,0
Blend_9,blend,3,0.22737551,0.380761224,0.391863265,3.59,10,9,1,0.1,10
Blend_9,blend,3,0.22737551,0.380761224,0.391863265,5.36,10,4,6,0.6,60
Blend_9,blend,3,0.22737551,0.380761224,0.391863265,7.61,10,4,6,0.6,60
Blend_9,blend,3,0.22737551,0.380761224,0.391863265,10.8,10,1,9,0.9,90
Blend_9,blend,3,0.22737551,0.380761224,0.391863265,15.32,10,0,10,1,100
Blend_9,blend,4,0.22737551,0.380761224,0.391863265,1.7,10,10,0,0,0
Blend_9,blend,4,0.22737551,0.380761224,0.391863265,2.53,10,9,1,0.1,10
Blend_9,blend,4,0.22737551,0.380761224,0.391863265,3.59,10,9,1,0.1,10
Blend_9,blend,4,0.22737551,0.380761224,0.391863265,5.36,10,3,7,0.7,70
Blend_9,blend,4,0.22737551,0.380761224,0.391863265,7.61,10,0,10,1,100
Blend_9,blend,4,0.22737551,0.380761224,0.391863265,10.8,10,0,10,1,100
Blend_9,blend,4,0.22737551,0.380761224,0.391863265,15.32,10,0,10,1,100
Blend_9,blend,5,0.22737551,0.380761224,0.391863265,1.7,10,10,0,0,0
Blend_9,blend,5,0.22737551,0.380761224,0.391863265,2.53,10,10,0,0,0
Blend_9,blend,5,0.22737551,0.380761224,0.391863265,3.59,10,10,0,0,0
Blend_9,blend,5,0.22737551,0.380761224,0.391863265,5.36,10,9,1,0.1,10
Blend_9,blend,5,0.22737551,0.380761224,0.391863265,7.61,10,5,5,0.5,50
Blend_9,blend,5,0.22737551,0.380761224,0.391863265,10.8,10,0,10,1,100
Blend_9,blend,5,0.22737551,0.380761224,0.391863265,15.32,10,0,10,1,100
Blend_10,blend,1,0.291814286,0.2272,0.480985714,1.31,10,10,0,0,0
Blend_10,blend,1,0.291814286,0.2272,0.480985714,1.96,10,10,0,0,0
Blend_10,blend,1,0.291814286,0.2272,0.480985714,2.77,10,10,0,0,0
Blend_10,blend,1,0.291814286,0.2272,0.480985714,4.14,10,9,1,0.1,10
Blend_10,blend,1,0.291814286,0.2272,0.480985714,5.87,10,2,8,0.8,80
Blend_10,blend,1,0.291814286,0.2272,0.480985714,8.33,10,0,10,1,100
Blend_10,blend,1,0.291814286,0.2272,0.480985714,11.82,10,0,10,1,100
Blend_10,blend,2,0.291814286,0.2272,0.480985714,1.31,10,10,0,0,0
Blend_10,blend,2,0.291814286,0.2272,0.480985714,1.96,10,10,0,0,0
Blend_10,blend,2,0.291814286,0.2272,0.480985714,2.77,10,10,0,0,0
Blend_10,blend,2,0.291814286,0.2272,0.480985714,4.14,10,3,7,0.7,70
Blend_10,blend,2,0.291814286,0.2272,0.480985714,5.87,10,2,8,0.8,80
Blend_10,blend,2,0.291814286,0.2272,0.480985714,8.33,10,0,10,1,100
Blend_10,blend,2,0.291814286,0.2272,0.480985714,11.82,10,0,10,1,100
Blend_10,blend,3,0.291814286,0.2272,0.480985714,1.31,10,10,0,0,0
Blend_10,blend,3,0.291814286,0.2272,0.480985714,1.96,10,10,0,0,0
Blend_10,blend,3,0.291814286,0.2272,0.480985714,2.77,10,8,2,0.2,20
Blend_10,blend,3,0.291814286,0.2272,0.480985714,4.14,10,6,4,0.4,40
Blend_10,blend,3,0.291814286,0.2272,0.480985714,5.87,10,1,9,0.9,90
Blend_10,blend,3,0.291814286,0.2272,0.480985714,8.33,10,0,10,1,100
Blend_10,blend,3,0.291814286,0.2272,0.480985714,11.82,10,0,10,1,100
Blend_10,blend,4,0.291814286,0.2272,0.480985714,1.31,10,10,0,0,0
Blend_10,blend,4,0.291814286,0.2272,0.480985714,1.96,10,10,0,0,0
Blend_10,blend,4,0.291814286,0.2272,0.480985714,2.77,10,9,1,0.1,10
Blend_10,blend,4,0.291814286,0.2272,0.480985714,4.14,10,6,4,0.4,40
Blend_10,blend,4,0.291814286,0.2272,0.480985714,5.87,10,1,9,0.9,90
Blend_10,blend,4,0.291814286,0.2272,0.480985714,8.33,10,0,10,1,100
Blend_10,blend,4,0.291814286,0.2272,0.480985714,11.82,10,0,10,1,100
Blend_10,blend,5,0.291814286,0.2272,0.480985714,1.31,10,10,0,0,0
Blend_10,blend,5,0.291814286,0.2272,0.480985714,1.96,10,10,0,0,0
Blend_10,blend,5,0.291814286,0.2272,0.480985714,2.77,10,10,0,0,0
Blend_10,blend,5,0.291814286,0.2272,0.480985714,4.14,10,7,3,0.3,30
Blend_10,blend,5,0.291814286,0.2272,0.480985714,5.87,10,3,7,0.7,70
Blend_10,blend,5,0.291814286,0.2272,0.480985714,8.33,10,0,10,1,100
Blend_10,blend,5,0.291814286,0.2272,0.480985714,11.82,10,1,9,0.9,90
Blend_11,blend,1,0.502467347,0.2272,0.270332653,1.47,10,10,0,0,0
Blend_11,blend,1,0.502467347,0.2272,0.270332653,2.19,10,10,0,0,0
Blend_11,blend,1,0.502467347,0.2272,0.270332653,3.11,10,9,1,0.1,10
Blend_11,blend,1,0.502467347,0.2272,0.270332653,4.64,10,0,10,1,100
Blend_11,blend,1,0.502467347,0.2272,0.270332653,6.58,10,0,10,1,100
Blend_11,blend,1,0.502467347,0.2272,0.270332653,9.35,10,0,10,1,100
Blend_11,blend,1,0.502467347,0.2272,0.270332653,13.26,10,0,10,1,100
Blend_11,blend,2,0.502467347,0.2272,0.270332653,1.47,10,10,0,0,0
Blend_11,blend,2,0.502467347,0.2272,0.270332653,2.19,10,9,1,0.1,10
Blend_11,blend,2,0.502467347,0.2272,0.270332653,3.11,10,9,1,0.1,10
Blend_11,blend,2,0.502467347,0.2272,0.270332653,4.64,10,0,10,1,100
Blend_11,blend,2,0.502467347,0.2272,0.270332653,6.58,10,1,9,0.9,90
Blend_11,blend,2,0.502467347,0.2272,0.270332653,9.35,10,0,10,1,100
Blend_11,blend,2,0.502467347,0.2272,0.270332653,13.26,10,0,10,1,100
Blend_11,blend,3,0.502467347,0.2272,0.270332653,1.47,10,10,0,0,0
Blend_11,blend,3,0.502467347,0.2272,0.270332653,2.19,10,10,0,0,0
Blend_11,blend,3,0.502467347,0.2272,0.270332653,3.11,10,9,1,0.1,10
Blend_11,blend,3,0.502467347,0.2272,0.270332653,4.64,10,3,7,0.7,70
Blend_11,blend,3,0.502467347,0.2272,0.270332653,6.58,10,0,10,1,100
Blend_11,blend,3,0.502467347,0.2272,0.270332653,9.35,10,0,10,1,100
Blend_11,blend,3,0.502467347,0.2272,0.270332653,13.26,10,0,10,1,100
Blend_11,blend,4,0.502467347,0.2272,0.270332653,1.47,10,10,0,0,0
Blend_11,blend,4,0.502467347,0.2272,0.270332653,2.19,10,10,0,0,0
Blend_11,blend,4,0.502467347,0.2272,0.270332653,3.11,10,10,0,0,0
Blend_11,blend,4,0.502467347,0.2272,0.270332653,4.64,10,3,7,0.7,70
Blend_11,blend,4,0.502467347,0.2272,0.270332653,6.58,10,0,10,1,100
Blend_11,blend,4,0.502467347,0.2272,0.270332653,9.35,10,0,10,1,100
Blend_11,blend,4,0.502467347,0.2272,0.270332653,13.26,10,0,10,1,100
Blend_11,blend,5,0.502467347,0.2272,0.270332653,1.47,10,10,0,0,0
Blend_11,blend,5,0.502467347,0.2272,0.270332653,2.19,10,10,0,0,0
Blend_11,blend,5,0.502467347,0.2272,0.270332653,3.11,10,10,0,0,0
Blend_11,blend,5,0.502467347,0.2272,0.270332653,4.64,10,4,6,0.6,60
Blend_11,blend,5,0.502467347,0.2272,0.270332653,6.58,10,2,8,0.8,80
Blend_11,blend,5,0.502467347,0.2272,0.270332653,9.35,10,0,10,1,100
Blend_11,blend,5,0.502467347,0.2272,0.270332653,13.26,10,0,10,1,100
Blend_12,blend,1,0.430783673,0.3637,0.205516327,2.54,10,10,0,0,0
Blend_12,blend,1,0.430783673,0.3637,0.205516327,3.8,10,8,2,0.2,20
Blend_12,blend,1,0.430783673,0.3637,0.205516327,5.39,10,7,3,0.3,30
Blend_12,blend,1,0.430783673,0.3637,0.205516327,8.03,10,6,4,0.4,40
Blend_12,blend,1,0.430783673,0.3637,0.205516327,11.4,10,6,4,0.4,40
Blend_12,blend,1,0.430783673,0.3637,0.205516327,16.18,10,3,7,0.7,70
Blend_12,blend,1,0.430783673,0.3637,0.205516327,22.96,10,2,8,0.8,80
Blend_12,blend,2,0.430783673,0.3637,0.205516327,2.54,10,9,1,0.1,10
Blend_12,blend,2,0.430783673,0.3637,0.205516327,3.8,10,6,4,0.4,40
Blend_12,blend,2,0.430783673,0.3637,0.205516327,5.39,10,6,4,0.4,40
Blend_12,blend,2,0.430783673,0.3637,0.205516327,8.03,10,2,8,0.8,80
Blend_12,blend,2,0.430783673,0.3637,0.205516327,11.4,10,1,9,0.9,90
Blend_12,blend,2,0.430783673,0.3637,0.205516327,16.18,10,0,10,1,100
Blend_12,blend,2,0.430783673,0.3637,0.205516327,22.96,10,0,10,1,100
Blend_12,blend,3,0.430783673,0.3637,0.205516327,2.54,10,10,0,0,0
Blend_12,blend,3,0.430783673,0.3637,0.205516327,3.8,10,8,2,0.2,20
Blend_12,blend,3,0.430783673,0.3637,0.205516327,5.39,10,8,2,0.2,20
Blend_12,blend,3,0.430783673,0.3637,0.205516327,8.03,10,5,5,0.5,50
Blend_12,blend,3,0.430783673,0.3637,0.205516327,11.4,10,4,6,0.6,60
Blend_12,blend,3,0.430783673,0.3637,0.205516327,16.18,10,1,9,0.9,90
Blend_12,blend,3,0.430783673,0.3637,0.205516327,22.96,10,1,9,0.9,90
Blend_12,blend,4,0.430783673,0.3637,0.205516327,2.54,10,10,0,0,0
Blend_12,blend,4,0.430783673,0.3637,0.205516327,3.8,10,9,1,0.1,10
Blend_12,blend,4,0.430783673,0.3637,0.205516327,5.39,10,6,4,0.4,40
Blend_12,blend,4,0.430783673,0.3637,0.205516327,8.03,10,4,6,0.6,60
Blend_12,blend,4,0.430783673,0.3637,0.205516327,11.4,10,3,7,0.7,70
Blend_12,blend,4,0.430783673,0.3637,0.205516327,16.18,10,0,10,1,100
Blend_12,blend,4,0.430783673,0.3637,0.205516327,22.96,10,1,9,0.9,90
Blend_12,blend,5,0.430783673,0.3637,0.205516327,2.54,10,10,0,0,0
Blend_12,blend,5,0.430783673,0.3637,0.205516327,3.8,10,10,0,0,0
Blend_12,blend,5,0.430783673,0.3637,0.205516327,5.39,10,7,3,0.3,30
Blend_12,blend,5,0.430783673,0.3637,0.205516327,8.03,10,4,6,0.6,60
Blend_12,blend,5,0.430783673,0.3637,0.205516327,11.4,10,3,7,0.7,70
Blend_12,blend,5,0.430783673,0.3637,0.205516327,16.18,10,2,8,0.8,80
Blend_12,blend,5,0.430783673,0.3637,0.205516327,22.96,10,0,10,1,100
Blend_13,blend,1,0.276110204,0.461659184,0.262230612,1.65,10,10,0,0,0
Blend_13,blend,1,0.276110204,0.461659184,0.262230612,2.46,10,10,0,0,0
Blend_13,blend,1,0.276110204,0.461659184,0.262230612,3.5,10,9,1,0.1,10
Blend_13,blend,1,0.276110204,0.461659184,0.262230612,5.22,10,6,4,0.4,40
Blend_13,blend,1,0.276110204,0.461659184,0.262230612,7.41,10,4,6,0.6,60
Blend_13,blend,1,0.276110204,0.461659184,0.262230612,10.51,10,3,7,0.7,70
Blend_13,blend,1,0.276110204,0.461659184,0.262230612,14.91,10,1,9,0.9,90
Blend_13,blend,2,0.276110204,0.461659184,0.262230612,1.65,10,10,0,0,0
Blend_13,blend,2,0.276110204,0.461659184,0.262230612,2.46,10,8,2,0.2,20
Blend_13,blend,2,0.276110204,0.461659184,0.262230612,3.5,10,7,3,0.3,30
Blend_13,blend,2,0.276110204,0.461659184,0.262230612,5.22,10,5,5,0.5,50
Blend_13,blend,2,0.276110204,0.461659184,0.262230612,7.41,10,3,7,0.7,70
Blend_13,blend,2,0.276110204,0.461659184,0.262230612,10.51,10,3,7,0.7,70
Blend_13,blend,2,0.276110204,0.461659184,0.262230612,14.91,10,1,9,0.9,90
Blend_13,blend,3,0.276110204,0.461659184,0.262230612,1.65,10,10,0,0,0
Blend_13,blend,3,0.276110204,0.461659184,0.262230612,2.46,10,10,0,0,0
Blend_13,blend,3,0.276110204,0.461659184,0.262230612,3.5,10,7,3,0.3,30
Blend_13,blend,3,0.276110204,0.461659184,0.262230612,5.22,10,4,6,0.6,60
Blend_13,blend,3,0.276110204,0.461659184,0.262230612,7.41,10,5,5,0.5,50
Blend_13,blend,3,0.276110204,0.461659184,0.262230612,10.51,10,2,8,0.8,80
Blend_13,blend,3,0.276110204,0.461659184,0.262230612,14.91,10,2,8,0.8,80
Blend_13,blend,4,0.276110204,0.461659184,0.262230612,1.65,10,10,0,0,0
Blend_13,blend,4,0.276110204,0.461659184,0.262230612,2.46,10,10,0,0,0
Blend_13,blend,4,0.276110204,0.461659184,0.262230612,3.5,10,8,2,0.2,20
Blend_13,blend,4,0.276110204,0.461659184,0.262230612,5.22,10,6,4,0.4,40
Blend_13,blend,4,0.276110204,0.461659184,0.262230612,7.41,10,3,7,0.7,70
Blend_13,blend,4,0.276110204,0.461659184,0.262230612,10.51,10,3,7,0.7,70
Blend_13,blend,4,0.276110204,0.461659184,0.262230612,14.91,10,1,9,0.9,90
Blend_13,blend,5,0.276110204,0.461659184,0.262230612,1.65,10,10,0,0,0
Blend_13,blend,5,0.276110204,0.461659184,0.262230612,2.46,10,10,0,0,0
Blend_13,blend,5,0.276110204,0.461659184,0.262230612,3.5,10,10,0,0,0
Blend_13,blend,5,0.276110204,0.461659184,0.262230612,5.22,10,6,4,0.4,40
Blend_13,blend,5,0.276110204,0.461659184,0.262230612,7.41,10,2,8,0.8,80
Blend_13,blend,5,0.276110204,0.461659184,0.262230612,10.51,10,3,7,0.7,70
Blend_13,blend,5,0.276110204,0.461659184,0.262230612,14.91,10,0,10,1,100
Blend_14,blend,1,0.627,0.183687755,0.189312245,1.99,10,10,0,0,0
Blend_14,blend,1,0.627,0.183687755,0.189312245,2.97,10,10,0,0,0
Blend_14,blend,1,0.627,0.183687755,0.189312245,4.22,10,10,0,0,0
Blend_14,blend,1,0.627,0.183687755,0.189312245,6.29,10,3,7,0.7,70
Blend_14,blend,1,0.627,0.183687755,0.189312245,8.92,10,2,8,0.8,80
Blend_14,blend,1,0.627,0.183687755,0.189312245,12.66,10,1,9,0.9,90
Blend_14,blend,1,0.627,0.183687755,0.189312245,17.97,10,0,10,1,100
Blend_14,blend,2,0.627,0.183687755,0.189312245,1.99,10,10,0,0,0
Blend_14,blend,2,0.627,0.183687755,0.189312245,2.97,10,10,0,0,0
Blend_14,blend,2,0.627,0.183687755,0.189312245,4.22,10,9,1,0.1,10
Blend_14,blend,2,0.627,0.183687755,0.189312245,6.29,10,10,0,0,0
Blend_14,blend,2,0.627,0.183687755,0.189312245,8.92,10,5,5,0.5,50
Blend_14,blend,2,0.627,0.183687755,0.189312245,12.66,10,2,8,0.8,80
Blend_14,blend,2,0.627,0.183687755,0.189312245,17.97,10,2,8,0.8,80
Blend_14,blend,3,0.627,0.183687755,0.189312245,1.99,10,10,0,0,0
Blend_14,blend,3,0.627,0.183687755,0.189312245,2.97,10,8,2,0.2,20
Blend_14,blend,3,0.627,0.183687755,0.189312245,4.22,10,8,2,0.2,20
Blend_14,blend,3,0.627,0.183687755,0.189312245,6.29,10,3,7,0.7,70
Blend_14,blend,3,0.627,0.183687755,0.189312245,8.92,10,2,8,0.8,80
Blend_14,blend,3,0.627,0.183687755,0.189312245,12.66,10,0,10,1,100
Blend_14,blend,3,0.627,0.183687755,0.189312245,17.97,10,0,10,1,100
Blend_14,blend,4,0.627,0.183687755,0.189312245,1.99,10,9,1,0.1,10
Blend_14,blend,4,0.627,0.183687755,0.189312245,2.97,10,7,3,0.3,30
Blend_14,blend,4,0.627,0.183687755,0.189312245,4.22,10,6,4,0.4,40
Blend_14,blend,4,0.627,0.183687755,0.189312245,6.29,10,2,8,0.8,80
Blend_14,blend,4,0.627,0.183687755,0.189312245,8.92,10,3,7,0.7,70
Blend_14,blend,4,0.627,0.183687755,0.189312245,12.66,10,2,8,0.8,80
Blend_14,blend,4,0.627,0.183687755,0.189312245,17.97,10,0,10,1,100
Blend_14,blend,5,0.627,0.183687755,0.189312245,1.99,10,10,0,0,0
Blend_14,blend,5,0.627,0.183687755,0.189312245,2.97,10,10,0,0,0
Blend_14,blend,5,0.627,0.183687755,0.189312245,4.22,10,8,2,0.2,20
Blend_14,blend,5,0.627,0.183687755,0.189312245,6.29,10,2,8,0.8,80
Blend_14,blend,5,0.627,0.183687755,0.189312245,8.92,10,3,7,0.7,70
Blend_14,blend,5,0.627,0.183687755,0.189312245,12.66,10,0,10,1,100
Blend_14,blend,5,0.627,0.183687755,0.189312245,17.97,10,0,10,1,100
Blend_15,blend,1,0.392032653,0.1999,0.408067347,0.8,10,10,0,0,0
Blend_15,blend,1,0.392032653,0.1999,0.408067347,1.19,10,10,0,0,0
Blend_15,blend,1,0.392032653,0.1999,0.408067347,1.69,10,8,2,0.2,20
Blend_15,blend,1,0.392032653,0.1999,0.408067347,2.53,10,5,5,0.5,50
Blend_15,blend,1,0.392032653,0.1999,0.408067347,3.59,10,2,8,0.8,80
Blend_15,blend,1,0.392032653,0.1999,0.408067347,5.1,10,0,10,1,100
Blend_15,blend,1,0.392032653,0.1999,0.408067347,7.23,10,0,10,1,100
Blend_15,blend,2,0.392032653,0.1999,0.408067347,0.8,10,10,0,0,0
Blend_15,blend,2,0.392032653,0.1999,0.408067347,1.19,10,10,0,0,0
Blend_15,blend,2,0.392032653,0.1999,0.408067347,1.69,10,9,1,0.1,10
Blend_15,blend,2,0.392032653,0.1999,0.408067347,2.53,10,10,0,0,0
Blend_15,blend,2,0.392032653,0.1999,0.408067347,3.59,10,2,8,0.8,80
Blend_15,blend,2,0.392032653,0.1999,0.408067347,5.1,10,2,8,0.8,80
Blend_15,blend,2,0.392032653,0.1999,0.408067347,7.23,10,1,9,0.9,90
Blend_15,blend,3,0.392032653,0.1999,0.408067347,0.8,10,10,0,0,0
Blend_15,blend,3,0.392032653,0.1999,0.408067347,1.19,10,10,0,0,0
Blend_15,blend,3,0.392032653,0.1999,0.408067347,1.69,10,8,2,0.2,20
Blend_15,blend,3,0.392032653,0.1999,0.408067347,2.53,10,10,0,0,0
Blend_15,blend,3,0.392032653,0.1999,0.408067347,3.59,10,0,10,1,100
Blend_15,blend,3,0.392032653,0.1999,0.408067347,5.1,10,1,9,0.9,90
Blend_15,blend,3,0.392032653,0.1999,0.408067347,7.23,10,0,10,1,100
Blend_15,blend,4,0.392032653,0.1999,0.408067347,0.8,10,9,1,0.1,10
Blend_15,blend,4,0.392032653,0.1999,0.408067347,1.19,10,9,1,0.1,10
Blend_15,blend,4,0.392032653,0.1999,0.408067347,1.69,10,7,3,0.3,30
Blend_15,blend,4,0.392032653,0.1999,0.408067347,2.53,10,6,4,0.4,40
Blend_15,blend,4,0.392032653,0.1999,0.408067347,3.59,10,2,8,0.8,80
Blend_15,blend,4,0.392032653,0.1999,0.408067347,5.1,10,1,9,0.9,90
Blend_15,blend,4,0.392032653,0.1999,0.408067347,7.23,10,0,10,1,100
Blend_15,blend,5,0.392032653,0.1999,0.408067347,0.8,10,10,0,0,0
Blend_15,blend,5,0.392032653,0.1999,0.408067347,1.19,10,9,1,0.1,10
Blend_15,blend,5,0.392032653,0.1999,0.408067347,1.69,10,10,0,0,0
Blend_15,blend,5,0.392032653,0.1999,0.408067347,2.53,10,6,4,0.4,40
Blend_15,blend,5,0.392032653,0.1999,0.408067347,3.59,10,5,5,0.5,50
Blend_15,blend,5,0.392032653,0.1999,0.408067347,5.1,10,0,10,1,100
Blend_15,blend,5,0.392032653,0.1999,0.408067347,7.23,10,0,10,1,100
Blend_16,blend,1,0.344338776,0.377226531,0.278434694,1.98,10,10,0,0,0
Blend_16,blend,1,0.344338776,0.377226531,0.278434694,2.96,10,8,2,0.2,20
Blend_16,blend,1,0.344338776,0.377226531,0.278434694,4.2,10,3,7,0.7,70
Blend_16,blend,1,0.344338776,0.377226531,0.278434694,6.26,10,3,7,0.7,70
Blend_16,blend,1,0.344338776,0.377226531,0.278434694,8.88,10,0,10,1,100
Blend_16,blend,1,0.344338776,0.377226531,0.278434694,12.61,10,0,10,1,100
Blend_16,blend,1,0.344338776,0.377226531,0.278434694,17.89,10,0,10,1,100
Blend_16,blend,2,0.344338776,0.377226531,0.278434694,1.98,10,10,0,0,0
Blend_16,blend,2,0.344338776,0.377226531,0.278434694,2.96,10,8,2,0.2,20
Blend_16,blend,2,0.344338776,0.377226531,0.278434694,4.2,10,7,3,0.3,30
Blend_16,blend,2,0.344338776,0.377226531,0.278434694,6.26,10,5,5,0.5,50
Blend_16,blend,2,0.344338776,0.377226531,0.278434694,8.88,10,1,9,0.9,90
Blend_16,blend,2,0.344338776,0.377226531,0.278434694,12.61,10,1,9,0.9,90
Blend_16,blend,2,0.344338776,0.377226531,0.278434694,17.89,10,0,10,1,100
Blend_16,blend,3,0.344338776,0.377226531,0.278434694,1.98,10,9,1,0.1,10
Blend_16,blend,3,0.344338776,0.377226531,0.278434694,2.96,10,8,2,0.2,20
Blend_16,blend,3,0.344338776,0.377226531,0.278434694,4.2,10,5,5,0.5,50
Blend_16,blend,3,0.344338776,0.377226531,0.278434694,6.26,10,6,4,0.4,40
Blend_16,blend,3,0.344338776,0.377226531,0.278434694,8.88,10,2,8,0.8,80
Blend_16,blend,3,0.344338776,0.377226531,0.278434694,12.61,10,0,10,1,100
Blend_16,blend,3,0.344338776,0.377226531,0.278434694,17.89,10,0,10,1,100
Blend_16,blend,4,0.344338776,0.377226531,0.278434694,1.98,10,9,1,0.1,10
Blend_16,blend,4,0.344338776,0.377226531,0.278434694,2.96,10,9,1,0.1,10
Blend_16,blend,4,0.344338776,0.377226531,0.278434694,4.2,10,10,0,0,0
Blend_16,blend,4,0.344338776,0.377226531,0.278434694,6.26,10,8,2,0.2,20
Blend_16,blend,4,0.344338776,0.377226531,0.278434694,8.88,10,4,6,0.6,60
Blend_16,blend,4,0.344338776,0.377226531,0.278434694,12.61,10,1,9,0.9,90
Blend_16,blend,4,0.344338776,0.377226531,0.278434694,17.89,10,0,10,1,100
Blend_16,blend,5,0.344338776,0.377226531,0.278434694,1.98,10,10,0,0,0
Blend_16,blend,5,0.344338776,0.377226531,0.278434694,2.96,10,9,1,0.1,10
Blend_16,blend,5,0.344338776,0.377226531,0.278434694,4.2,10,8,2,0.2,20
Blend_16,blend,5,0.344338776,0.377226531,0.278434694,6.26,10,5,5,0.5,50
Blend_16,blend,5,0.344338776,0.377226531,0.278434694,8.88,10,3,7,0.7,70
Blend_16,blend,5,0.344338776,0.377226531,0.278434694,12.61,10,1,9,0.9,90
Blend_16,blend,5,0.344338776,0.377226531,0.278434694,17.89,10,0,10,1,100
citronellal,compound,1,1,0,0,2.21,10,9,1,0.1,10
citronellal,compound,1,1,0,0,3.3,10,10,0,0,0
citronellal,compound,1,1,0,0,4.68,10,8,2,0.2,20
citronellal,compound,1,1,0,0,6.98,10,2,8,0.8,80
citronellal,compound,1,1,0,0,9.9,10,1,9,0.9,90
citronellal,compound,1,1,0,0,14.05,10,0,10,1,100
citronellal,compound,1,1,0,0,19.94,10,0,10,1,100
citronellal,compound,2,1,0,0,2.21,10,10,0,0,0
citronellal,compound,2,1,0,0,3.3,10,10,0,0,0
citronellal,compound,2,1,0,0,4.68,10,7,3,0.3,30
citronellal,compound,2,1,0,0,6.98,10,6,4,0.4,40
citronellal,compound,2,1,0,0,9.9,10,0,10,1,100
citronellal,compound,2,1,0,0,14.05,10,0,10,1,100
citronellal,compound,2,1,0,0,19.94,10,0,10,1,100
citronellal,compound,3,1,0,0,2.21,10,10,0,0,0
citronellal,compound,3,1,0,0,3.3,10,10,0,0,0
citronellal,compound,3,1,0,0,4.68,10,9,1,0.1,10
citronellal,compound,3,1,0,0,6.98,10,3,7,0.7,70
citronellal,compound,3,1,0,0,9.9,10,5,5,0.5,50
citronellal,compound,3,1,0,0,14.05,10,1,9,0.9,90
citronellal,compound,3,1,0,0,19.94,10,0,10,1,100
citronellal,compound,4,1,0,0,2.21,10,10,0,0,0
citronellal,compound,4,1,0,0,3.3,10,10,0,0,0
citronellal,compound,4,1,0,0,4.68,10,10,0,0,0
citronellal,compound,4,1,0,0,6.98,10,6,4,0.4,40
citronellal,compound,4,1,0,0,9.9,10,6,4,0.4,40
citronellal,compound,4,1,0,0,14.05,10,0,10,1,100
citronellal,compound,4,1,0,0,19.94,10,0,10,1,100
citronellal,compound,5,1,0,0,2.21,10,10,0,0,0
citronellal,compound,5,1,0,0,3.3,10,10,0,0,0
citronellal,compound,5,1,0,0,4.68,10,9,1,0.1,10
citronellal,compound,5,1,0,0,6.98,10,8,2,0.2,20
citronellal,compound,5,1,0,0,9.9,10,4,6,0.6,60
citronellal,compound,5,1,0,0,14.05,10,0,10,1,100
citronellal,compound,5,1,0,0,19.94,10,1,9,0.9,90
citronellol,compound,1,0,1,0,3.15,10,9,1,0.1,10
citronellol,compound,1,0,1,0,4.7,10,10,0,0,0
citronellol,compound,1,0,1,0,6.68,10,1,9,0.9,90
citronellol,compound,1,0,1,0,9.96,10,2,8,0.8,80
citronellol,compound,1,0,1,0,14.13,10,0,10,1,100
citronellol,compound,1,0,1,0,20.06,10,0,10,1,100
citronellol,compound,1,0,1,0,28.46,10,0,10,1,100
citronellol,compound,2,0,1,0,3.15,10,10,0,0,0
citronellol,compound,2,0,1,0,4.7,10,10,0,0,0
citronellol,compound,2,0,1,0,6.68,10,9,1,0.1,10
citronellol,compound,2,0,1,0,9.96,10,8,2,0.2,20
citronellol,compound,2,0,1,0,14.13,10,2,8,0.8,80
citronellol,compound,2,0,1,0,20.06,10,0,10,1,100
citronellol,compound,2,0,1,0,28.46,10,1,9,0.9,90
citronellol,compound,3,0,1,0,3.15,10,10,0,0,0
citronellol,compound,3,0,1,0,4.7,10,10,0,0,0
citronellol,compound,3,0,1,0,6.68,10,10,0,0,0
citronellol,compound,3,0,1,0,9.96,10,5,5,0.5,50
citronellol,compound,3,0,1,0,14.13,10,0,10,1,100
citronellol,compound,3,0,1,0,20.06,10,0,10,1,100
citronellol,compound,3,0,1,0,28.46,10,1,9,0.9,90
citronellol,compound,4,0,1,0,3.15,10,10,0,0,0
citronellol,compound,4,0,1,0,4.7,10,10,0,0,0
citronellol,compound,4,0,1,0,6.68,10,9,1,0.1,10
citronellol,compound,4,0,1,0,9.96,10,6,4,0.4,40
citronellol,compound,4,0,1,0,14.13,10,3,7,0.7,70
citronellol,compound,4,0,1,0,20.06,10,1,9,0.9,90
citronellol,compound,4,0,1,0,28.46,10,0,10,1,100
citronellol,compound,5,0,1,0,3.15,10,10,0,0,0
citronellol,compound,5,0,1,0,4.7,10,9,1,0.1,10
citronellol,compound,5,0,1,0,6.68,10,9,1,0.1,10
citronellol,compound,5,0,1,0,9.96,10,4,6,0.6,60
citronellol,compound,5,0,1,0,14.13,10,2,8,0.8,80
citronellol,compound,5,0,1,0,20.06,10,1,9,0.9,90
citronellol,compound,5,0,1,0,28.46,10,0,10,1,100
geraniol,compound,1,0,0,1,2.43,10,10,0,0,0
geraniol,compound,1,0,0,1,3.63,10,9,1,0.1,10
geraniol,compound,1,0,0,1,5.14,10,10,0,0,0
geraniol,compound,1,0,0,1,7.68,10,4,6,0.6,60
geraniol,compound,1,0,0,1,10.89,10,1,9,0.9,90
geraniol,compound,1,0,0,1,15.46,10,0,10,1,100
geraniol,compound,1,0,0,1,21.93,10,0,10,1,100
geraniol,compound,2,0,0,1,2.43,10,10,0,0,0
geraniol,compound,2,0,0,1,3.63,10,9,1,0.1,10
geraniol,compound,2,0,0,1,5.14,10,10,0,0,0
geraniol,compound,2,0,0,1,7.68,10,6,4,0.4,40
geraniol,compound,2,0,0,1,10.89,10,3,7,0.7,70
geraniol,compound,2,0,0,1,15.46,10,0,10,1,100
geraniol,compound,2,0,0,1,21.93,10,0,10,1,100
geraniol,compound,3,0,0,1,2.43,10,10,0,0,0
geraniol,compound,3,0,0,1,3.63,10,10,0,0,0
geraniol,compound,3,0,0,1,5.14,10,9,1,0.1,10
geraniol,compound,3,0,0,1,7.68,10,3,7,0.7,70
geraniol,compound,3,0,0,1,10.89,10,1,9,0.9,90
geraniol,compound,3,0,0,1,15.46,10,1,9,0.9,90
geraniol,compound,3,0,0,1,21.93,10,0,10,1,100
geraniol,compound,4,0,0,1,2.43,10,10,0,0,0
geraniol,compound,4,0,0,1,3.63,10,10,0,0,0
geraniol,compound,4,0,0,1,5.14,10,9,1,0.1,10
geraniol,compound,4,0,0,1,7.68,10,6,4,0.4,40
geraniol,compound,4,0,0,1,10.89,10,1,9,0.9,90
geraniol,compound,4,0,0,1,15.46,10,0,10,1,100
geraniol,compound,4,0,0,1,21.93,10,0,10,1,100
geraniol,compound,5,0,0,1,2.43,10,10,0,0,0
geraniol,compound,5,0,0,1,3.63,10,10,0,0,0
geraniol,compound,5,0,0,1,5.14,10,7,3,0.3,30
geraniol,compound,5,0,0,1,7.68,10,3,7,0.7,70
geraniol,compound,5,0,0,1,10.89,10,1,9,0.9,90
geraniol,compound,5,0,0,1,15.46,10,0,10,1,100
geraniol,compound,5,0,0,1,21.93,10,0,10,1,100
